ID,Jenis Produk,Permintaan,Stok Bahan,Mesin Aktif,Tenaga Kerja,Lama Produksi
1,Kulkas,202,428,1,5,-2
2,TV LED,535,747,3,13,10
3,Microwave,960,1119,2,18,35
4,Mesin Cuci,370,1446,4,9,33
5,Mesin Cuci,206,205,4,17,-32
6,AC,171,667,2,9,2
7,Kulkas,800,274,4,7,30
8,Kulkas,120,203,5,9,-11
9,Setrika,714,845,5,7,39
10,TV LED,221,317,5,13,-11
11,TV LED,566,1080,1,13,30
12,Kulkas,314,703,2,10,1
13,Mesin Cuci,430,1146,1,19,8
14,Mesin Cuci,558,773,4,5,18
15,TV LED,187,393,1,11,1
16,Mesin Cuci,472,1046,4,11,21
17,Setrika,199,914,4,18,-5
18,Mesin Cuci,971,1249,3,14,42
19,Kompor Listrik,763,372,5,14,9
20,Microwave,230,525,4,8,3
21,TV LED,761,1341,3,12,37
22,AC,408,1035,5,10,10
23,Setrika,869,923,4,8,39
24,Speaker,443,424,4,8,7
25,Microwave,591,731,1,6,28
26,AC,513,312,1,18,-3
27,Mesin Cuci,905,339,5,6,35
28,Speaker,485,758,4,16,15
29,Kulkas,291,200,2,18,-12
30,Kulkas,376,289,1,8,11
31,Setrika,260,853,5,9,9
32,Kulkas,559,519,4,12,14
33,Speaker,413,338,4,19,-13
34,Speaker,121,1044,2,10,16
35,Microwave,352,458,5,18,-14
36,TV LED,847,1101,4,19,31
37,Kompor Listrik,956,889,1,8,54
38,Kulkas,660,209,2,17,-2
39,Setrika,574,460,5,15,3
40,Kulkas,158,371,2,11,-4
41,Microwave,610,1097,1,12,33
42,Speaker,781,212,5,6,25
43,Mesin Cuci,575,1391,2,16,32
44,Kulkas,799,520,3,11,27
45,TV LED,882,528,1,19,25
46,Mesin Cuci,289,984,1,18,4
47,Microwave,786,976,1,6,42
48,Kulkas,662,1110,3,6,40
49,Mesin Cuci,975,1318,3,12,54
50,Kulkas,666,517,4,6,32
51,Setrika,343,435,2,19,-3
52,Microwave,931,533,4,15,33
53,Kompor Listrik,604,575,2,13,20
54,Speaker,230,1360,3,16,13
55,AC,584,787,3,5,36
56,Speaker,918,712,4,19,22
57,Speaker,746,1117,5,13,33
58,Mesin Cuci,120,1072,4,19,-13
59,Microwave,940,1452,2,5,66
60,Kulkas,266,469,4,14,-3
61,AC,373,997,1,17,16
62,Mesin Cuci,487,924,2,14,21
63,AC,700,1388,2,6,55
64,Kompor Listrik,415,204,5,10,0
65,Setrika,113,1050,3,10,3
66,Microwave,341,277,2,5,9
67,Mesin Cuci,876,773,3,11,38
68,Speaker,445,331,4,12,-6
69,TV LED,664,800,1,6,44
70,Mesin Cuci,997,1265,5,12,47
71,TV LED,439,288,3,13,0
72,Speaker,191,601,2,10,-10
73,Setrika,466,495,3,9,13
74,Microwave,554,815,2,16,15
75,Kulkas,527,999,3,13,16
76,Mesin Cuci,608,621,2,17,9
77,Speaker,875,1246,4,16,36
78,Mesin Cuci,134,774,2,15,-7
79,Kompor Listrik,305,342,2,13,1
80,Setrika,180,1192,1,5,19
81,Kompor Listrik,661,864,2,15,24
82,AC,971,344,1,7,48
83,Microwave,487,1448,5,13,23
84,AC,101,1206,1,15,6
85,Mesin Cuci,489,702,4,6,22
86,Microwave,665,1020,1,16,27
87,Setrika,205,303,5,8,-6
88,Setrika,871,1262,4,8,45
89,Speaker,921,397,3,6,39
90,Mesin Cuci,576,778,3,19,8
91,AC,802,590,1,7,47
92,Kompor Listrik,501,1402,1,17,29
93,Kulkas,829,753,5,7,28
94,TV LED,655,1238,5,5,33
95,Kulkas,261,677,2,10,6
96,AC,301,1454,5,12,14
97,AC,369,1122,2,16,11
98,Setrika,962,619,4,7,45
99,Kulkas,915,356,1,9,38
100,Setrika,370,749,4,5,19
101,Setrika,555,1320,5,14,30
102,Kompor Listrik,561,1220,4,11,21
103,Microwave,826,1196,4,14,36
104,TV LED,351,1150,4,17,4
105,Kulkas,801,488,5,5,39
106,Microwave,395,1477,4,16,6
107,Speaker,824,395,2,15,11
108,Kulkas,819,797,5,13,28
109,Microwave,848,716,4,12,36
110,Setrika,437,1064,5,11,20
111,AC,978,1341,3,14,44
112,Kompor Listrik,152,1005,2,19,2
113,TV LED,891,1382,4,11,41
114,Microwave,316,1014,3,9,23
115,AC,863,427,3,9,26
116,Kulkas,287,415,5,15,-11
117,Microwave,479,1147,3,17,18
118,Mesin Cuci,592,214,2,9,9
119,AC,140,1380,2,5,30
120,Speaker,256,1484,1,12,20
121,AC,114,1380,2,16,5
122,TV LED,912,246,3,15,27
123,Speaker,164,523,2,5,3
124,Kompor Listrik,956,1043,5,8,51
125,TV LED,938,329,1,19,31
126,Kulkas,620,294,3,13,8
127,Speaker,443,826,1,18,16
128,Microwave,228,954,3,13,-3
129,Mesin Cuci,747,993,5,9,35
130,TV LED,571,268,1,8,13
131,Mesin Cuci,162,210,4,7,-1
132,Kulkas,238,1477,3,7,29
133,Kulkas,598,1071,4,16,29
134,Kompor Listrik,692,749,1,9,41
135,Kulkas,491,1357,4,14,21
136,AC,774,911,4,5,36
137,AC,518,222,1,9,17
138,Kompor Listrik,388,1014,5,10,14
139,AC,478,545,4,11,18
140,Microwave,872,501,4,16,10
141,Setrika,589,562,5,13,22
142,Mesin Cuci,330,595,4,7,12
143,Mesin Cuci,140,417,4,19,-25
144,Microwave,127,340,4,6,0
145,Setrika,234,1157,2,18,10
146,Speaker,300,1433,5,7,23
147,Kompor Listrik,939,1184,4,16,29
148,Kompor Listrik,879,1192,5,13,36
149,Kulkas,132,1027,3,16,2
150,Mesin Cuci,147,882,3,11,4
151,Mesin Cuci,602,1203,4,13,25
152,Kulkas,506,555,5,17,7
153,Speaker,673,1207,5,6,42
154,TV LED,827,1356,5,9,49
155,Mesin Cuci,904,1087,2,17,35
156,Mesin Cuci,198,326,3,8,-4
157,TV LED,783,1329,5,19,18
158,Kulkas,971,1208,5,6,52
159,TV LED,825,803,2,13,38
160,Mesin Cuci,646,1213,2,13,32
161,Kulkas,838,250,5,10,24
162,TV LED,712,1252,1,15,41
163,Speaker,561,978,5,10,24
164,Kulkas,742,1013,5,12,31
165,Mesin Cuci,868,619,2,10,29
166,Microwave,104,1405,2,5,20
167,Kompor Listrik,317,1182,5,8,26
168,Mesin Cuci,602,1024,5,17,15
169,AC,866,1224,5,11,50
170,Kompor Listrik,497,766,2,17,7
171,Mesin Cuci,970,570,5,17,25
172,Kompor Listrik,894,1135,5,6,46
173,Setrika,492,860,4,13,17
174,Mesin Cuci,306,1168,1,12,23
175,Kulkas,114,1360,3,12,11
176,Kulkas,957,401,1,11,42
177,Setrika,653,512,4,8,22
178,Speaker,991,316,3,6,39
179,Setrika,560,1136,5,7,21
180,Setrika,790,774,4,16,26
181,Kompor Listrik,674,443,5,10,18
182,TV LED,963,736,2,16,34
183,Kulkas,842,274,4,16,14
184,TV LED,340,585,2,9,11
185,Setrika,663,1433,4,16,28
186,Speaker,195,674,4,12,-5
187,Kulkas,999,617,2,10,44
188,Mesin Cuci,833,546,3,10,33
189,Mesin Cuci,584,839,1,5,32
190,Mesin Cuci,506,1138,5,8,24
191,Kompor Listrik,330,1154,4,9,17
192,AC,848,1075,5,16,29
193,Setrika,754,962,2,15,29
194,AC,270,1402,5,7,24
195,Microwave,640,1405,2,17,22
196,Kompor Listrik,135,863,5,13,-12
197,Mesin Cuci,624,224,1,5,27
198,Kulkas,259,1403,1,10,20
199,Kompor Listrik,938,909,1,10,52
200,Kulkas,798,1384,1,14,50
201,TV LED,342,376,1,9,10
202,TV LED,185,484,1,16,-12
203,Kulkas,895,262,2,19,22
204,Mesin Cuci,677,1202,4,9,37
205,AC,781,861,5,14,17
206,Setrika,656,865,1,18,14
207,Kompor Listrik,673,355,2,17,18
208,Kompor Listrik,745,1272,2,9,51
209,Mesin Cuci,895,1166,2,10,36
210,Setrika,127,1048,4,12,-5
211,TV LED,719,1307,5,6,48
212,AC,655,888,4,10,27
213,Setrika,439,347,3,5,18
214,TV LED,897,541,2,8,39
215,Setrika,430,675,3,18,5
216,Microwave,739,1286,1,14,39
217,Kompor Listrik,605,760,1,7,30
218,Microwave,447,526,4,13,10
219,Setrika,572,1364,5,7,36
220,Kompor Listrik,330,1189,3,19,9
221,AC,289,414,5,10,-1
222,Mesin Cuci,324,634,4,5,10
223,Microwave,484,1151,1,16,29
224,Mesin Cuci,476,922,5,10,19
225,TV LED,382,231,5,8,0
226,TV LED,732,869,1,12,40
227,Speaker,727,484,3,17,7
228,TV LED,844,628,1,15,41
229,TV LED,358,485,5,13,-2
230,Kompor Listrik,458,1367,3,8,25
231,AC,809,1242,3,14,47
232,TV LED,555,217,1,16,3
233,Kulkas,510,968,5,14,15
234,AC,748,789,4,10,33
235,Kulkas,417,1398,5,5,37
236,Kulkas,776,1209,2,8,48
237,Mesin Cuci,324,393,4,11,-3
238,Setrika,918,701,3,16,31
239,Kulkas,333,1187,4,19,1
240,Mesin Cuci,783,1336,3,5,53
241,TV LED,763,313,3,12,28
242,Kulkas,926,1445,4,16,46
243,Setrika,473,1146,3,14,20
244,Speaker,771,1030,3,16,32
245,Microwave,707,1487,2,15,42
246,Mesin Cuci,571,1124,5,10,20
247,Speaker,332,254,5,9,-1
248,Mesin Cuci,791,999,2,14,47
249,Microwave,212,977,4,15,5
250,Setrika,929,361,1,19,20
251,AC,596,286,1,18,3
252,Microwave,541,254,1,13,7
253,Kompor Listrik,663,1401,2,6,52
254,Speaker,367,1231,2,9,33
255,Kulkas,609,1032,3,10,33
256,TV LED,906,512,1,11,37
257,Kompor Listrik,485,958,4,9,19
258,Kulkas,486,642,4,13,11
259,Kulkas,212,527,1,5,7
260,Mesin Cuci,712,1277,1,11,32
261,Microwave,724,960,1,14,40
262,AC,180,1462,2,11,12
263,Speaker,798,1452,2,8,51
264,Kulkas,212,778,2,13,5
265,Mesin Cuci,101,1274,5,18,0
266,Speaker,741,1206,4,16,30
267,Microwave,319,1487,4,15,9
268,AC,665,295,3,9,18
269,Kompor Listrik,954,1311,2,8,54
270,Microwave,835,1301,5,17,32
271,TV LED,324,1343,5,11,22
272,Microwave,484,1013,4,8,11
273,Kulkas,502,690,2,19,4
274,AC,737,651,3,7,30
275,Microwave,229,364,2,13,-11
276,Kulkas,152,381,1,15,-6
277,Kulkas,783,668,2,12,23
278,AC,829,1109,1,5,47
279,Microwave,771,934,1,11,42
280,Microwave,809,1022,3,13,42
281,Mesin Cuci,515,1143,4,12,22
282,Speaker,346,206,2,12,-6
283,Mesin Cuci,935,529,1,17,26
284,Microwave,538,974,2,10,32
285,Kompor Listrik,302,350,4,15,-7
286,Microwave,283,1308,4,8,19
287,TV LED,222,346,5,12,-8
288,Kulkas,500,1114,4,7,28
289,Setrika,866,899,3,17,37
290,Microwave,393,281,1,13,0
291,TV LED,379,713,5,17,-6
292,TV LED,936,1014,3,6,45
293,Speaker,983,908,2,6,51
294,AC,709,945,1,16,22
295,Microwave,297,1222,4,17,6
296,AC,610,906,1,19,18
297,Kompor Listrik,851,670,2,16,22
298,Setrika,243,1342,5,11,15
299,TV LED,708,595,5,16,20
300,Kulkas,300,460,5,14,-5
301,Kulkas,223,1004,4,8,-1
302,AC,286,1133,3,14,19
303,TV LED,425,1479,3,12,30
304,Speaker,563,1104,1,13,38
305,AC,448,1449,4,11,32
306,Setrika,870,1276,5,9,51
307,AC,759,1139,5,12,33
308,TV LED,863,1053,2,8,46
309,Microwave,502,792,2,6,29
310,Speaker,445,913,5,15,4
311,TV LED,610,1381,5,19,21
312,Speaker,246,831,4,16,-16
313,Mesin Cuci,247,258,3,10,-3
314,Mesin Cuci,963,327,2,13,37
315,Kulkas,810,935,3,5,46
316,Speaker,919,920,4,15,42
317,Setrika,588,1338,5,14,23
318,AC,739,1432,3,16,40
319,Mesin Cuci,650,725,5,11,16
320,AC,437,720,5,14,10
321,AC,971,751,1,13,43
322,Setrika,740,436,3,14,17
323,TV LED,878,1424,3,13,34
324,AC,572,1458,5,14,25
325,Speaker,250,693,4,15,-3
326,Setrika,514,203,1,17,6
327,Mesin Cuci,397,865,5,7,24
328,Microwave,710,641,2,15,31
329,AC,362,228,2,17,0
330,Kulkas,863,1332,1,9,51
331,Setrika,243,809,4,12,0
332,TV LED,445,1004,5,12,18
333,Kompor Listrik,723,274,3,8,26
334,Mesin Cuci,671,1037,1,19,31
335,Mesin Cuci,980,1369,4,19,52
336,Kompor Listrik,101,327,3,16,-7
337,Speaker,996,241,2,15,35
338,Microwave,403,240,2,15,1
339,Mesin Cuci,353,1133,3,5,33
340,Mesin Cuci,751,233,1,5,41
341,TV LED,552,1240,2,19,19
342,Mesin Cuci,136,1376,5,8,9
343,Setrika,259,1197,3,10,12
344,Speaker,108,787,3,12,-7
345,Microwave,332,541,2,10,1
346,Kulkas,198,226,1,16,-10
347,Microwave,758,845,5,13,20
348,Speaker,915,930,1,19,29
349,Setrika,307,367,4,19,-10
350,Speaker,230,809,4,13,1
351,TV LED,503,467,2,18,5
352,Kulkas,251,1020,2,6,26
353,Microwave,153,654,2,14,0
354,AC,219,1105,4,5,25
355,Microwave,772,1121,1,6,50
356,TV LED,727,1180,1,9,52
357,Kulkas,686,901,2,8,38
358,Setrika,724,833,5,8,31
359,Speaker,519,329,1,13,18
360,Speaker,521,1219,4,15,15
361,Setrika,203,1018,3,12,16
362,Kulkas,951,892,3,10,42
363,Setrika,353,993,3,5,17
364,Mesin Cuci,326,228,5,6,5
365,Microwave,211,348,2,10,-3
366,TV LED,609,210,4,15,14
367,Setrika,572,875,5,6,24
368,TV LED,198,1336,4,19,1
369,Mesin Cuci,252,386,4,17,-20
370,Speaker,960,1006,2,14,47
371,Setrika,995,943,3,9,45
372,Kulkas,977,1450,2,18,50
373,Speaker,437,297,5,9,2
374,Speaker,805,254,5,10,10
375,Kulkas,921,822,5,10,38
376,Microwave,262,863,2,18,0
377,Microwave,819,957,4,10,41
378,Setrika,780,605,4,18,23
379,Speaker,260,268,1,6,16
380,Setrika,679,950,5,18,20
381,Microwave,900,1371,4,14,44
382,AC,497,1467,1,18,18
383,Mesin Cuci,376,1157,4,17,9
384,Setrika,915,564,5,19,19
385,Setrika,603,681,3,18,9
386,AC,995,400,5,7,40
387,Microwave,491,353,2,18,6
388,Setrika,234,272,4,10,-9
389,TV LED,294,912,4,17,-4
390,Microwave,500,495,2,12,12
391,Microwave,739,1240,2,16,30
392,Mesin Cuci,132,1440,3,17,-4
393,Setrika,787,260,4,15,9
394,Speaker,559,1138,4,16,12
395,Kompor Listrik,982,241,3,5,46
396,Kompor Listrik,569,224,1,5,31
397,Kompor Listrik,474,1262,3,15,14
398,Mesin Cuci,121,330,5,17,-20
399,Kompor Listrik,849,1452,4,6,58
400,AC,769,307,2,15,10
401,Kulkas,137,371,5,19,-23
402,Microwave,329,301,4,16,3
403,Speaker,464,1065,3,16,17
404,Kulkas,662,723,5,10,21
405,Mesin Cuci,537,474,4,13,6
406,Microwave,875,1267,1,8,44
407,Mesin Cuci,382,1016,1,7,29
408,Mesin Cuci,126,1156,2,16,11
409,AC,325,1240,4,12,10
410,TV LED,376,529,1,15,-4
411,TV LED,897,211,3,14,18
412,Mesin Cuci,708,415,4,18,13
413,Kompor Listrik,383,538,3,13,2
414,Kulkas,978,860,3,16,31
415,Kompor Listrik,580,1304,1,15,30
416,Setrika,552,573,4,9,18
417,Mesin Cuci,928,1175,5,13,33
418,Setrika,915,909,1,6,51
419,Kompor Listrik,758,1423,1,7,51
420,Setrika,615,665,4,11,16
421,Mesin Cuci,646,1312,4,11,28
422,AC,291,1491,3,10,28
423,TV LED,148,688,4,10,-5
424,Kulkas,611,246,3,6,10
425,Setrika,116,977,1,14,3
426,Mesin Cuci,271,1239,2,10,22
427,AC,319,910,5,8,8
428,Kompor Listrik,257,600,1,16,-3
429,TV LED,576,1180,4,7,30
430,Mesin Cuci,145,1309,5,17,-3
431,Kulkas,472,449,2,15,11
432,Kompor Listrik,617,590,2,17,12
433,AC,198,534,3,6,9
434,Kompor Listrik,991,828,5,5,43
435,Speaker,844,336,3,15,18
436,Kompor Listrik,136,1082,1,15,8
437,Setrika,379,887,5,9,9
438,Kompor Listrik,448,1026,1,6,36
439,AC,596,926,3,6,30
440,Kompor Listrik,401,793,5,11,7
441,Kompor Listrik,280,1446,3,12,27
442,Microwave,706,1189,5,17,21
443,Mesin Cuci,198,571,3,14,-4
444,Microwave,799,1134,2,12,43
445,Kompor Listrik,215,1194,3,18,2
446,Mesin Cuci,290,601,2,8,11
447,Microwave,352,814,3,19,0
448,Kompor Listrik,260,1496,5,18,0
449,Kulkas,355,1382,5,5,29
450,Microwave,422,1375,5,15,12
451,Mesin Cuci,227,1194,4,11,14
452,Microwave,117,819,1,5,19
453,Speaker,892,387,5,15,10
454,Speaker,834,1321,2,8,58
455,Kulkas,665,330,5,12,9
456,AC,669,1004,4,6,35
457,AC,422,1394,2,10,25
458,Mesin Cuci,971,1135,4,17,38
459,Setrika,785,1185,2,10,44
460,AC,891,382,3,16,27
461,Mesin Cuci,725,1182,1,13,34
462,Kulkas,387,563,1,9,23
463,Setrika,953,238,4,14,26
464,Setrika,762,696,1,8,38
465,Speaker,738,1181,4,9,38
466,Kompor Listrik,254,1120,4,16,1
467,Setrika,589,921,4,16,14
468,TV LED,485,1384,1,14,29
469,Mesin Cuci,884,215,4,19,10
470,Setrika,203,692,1,15,-3
471,Setrika,492,1331,4,9,30
472,TV LED,910,1093,5,12,35
473,Setrika,345,510,4,14,0
474,Kompor Listrik,275,938,2,16,3
475,TV LED,138,1393,4,12,12
476,Speaker,576,745,3,6,33
477,Microwave,781,613,4,11,31
478,Setrika,858,450,2,12,31
479,Setrika,637,958,2,15,26
480,Mesin Cuci,966,1364,1,10,56
481,Kompor Listrik,917,1497,5,9,55
482,Mesin Cuci,507,1262,4,15,24
483,Microwave,624,1013,1,13,22
484,Setrika,927,228,5,17,17
485,Kompor Listrik,605,1157,4,7,41
486,TV LED,924,676,3,16,27
487,Setrika,135,517,4,17,-19
488,Speaker,784,444,2,17,16
489,Setrika,119,947,2,14,-7
490,AC,420,896,3,8,21
491,Kompor Listrik,875,471,1,13,31
492,AC,611,1462,5,10,35
493,TV LED,499,576,4,12,12
494,Setrika,753,465,2,11,22
495,TV LED,982,1125,1,15,48
496,Kulkas,570,1120,3,6,38
497,Setrika,242,539,2,7,5
498,AC,191,588,3,5,9
499,Kompor Listrik,453,776,4,13,11
500,AC,933,202,5,17,12
501,TV LED,899,1365,2,11,53
502,Microwave,826,575,2,5,39
503,Setrika,953,523,4,7,43
504,Speaker,150,345,1,8,0
505,Mesin Cuci,764,492,5,8,19
506,Kompor Listrik,797,631,2,9,36
507,Speaker,674,904,5,18,15
508,Speaker,289,1148,2,7,17
509,Setrika,224,784,5,7,10
510,Microwave,249,598,3,5,14
511,Setrika,413,1016,2,11,16
512,Microwave,669,1163,5,15,20
513,Kulkas,441,1363,1,14,25
514,Kompor Listrik,404,386,3,18,-8
515,TV LED,791,260,3,5,34
516,TV LED,781,1138,1,6,51
517,Speaker,937,909,5,17,24
518,Mesin Cuci,882,1006,4,8,40
519,Kulkas,153,210,1,17,-9
520,TV LED,543,1285,5,8,38
521,TV LED,712,425,1,9,31
522,Mesin Cuci,363,1376,1,15,20
523,Mesin Cuci,152,763,2,6,7
524,TV LED,671,971,5,8,33
525,AC,719,1084,4,5,42
526,Mesin Cuci,104,1466,2,6,13
527,AC,202,1330,1,5,32
528,Kompor Listrik,295,425,1,14,6
529,Kulkas,873,1024,1,14,44
530,Mesin Cuci,976,417,5,17,16
531,Kompor Listrik,983,1136,5,8,46
532,Microwave,449,952,2,8,16
533,Speaker,146,705,4,11,4
534,AC,966,458,2,14,30
535,Kulkas,922,253,3,15,34
536,AC,919,1270,1,15,56
537,Microwave,755,926,1,13,30
538,Kulkas,368,888,1,13,11
539,TV LED,469,1322,2,9,34
540,Microwave,735,1243,2,14,27
541,Setrika,205,618,1,5,10
542,Setrika,769,889,2,5,42
543,Mesin Cuci,758,1049,5,10,43
544,Kulkas,756,261,5,6,24
545,Mesin Cuci,219,1368,2,12,14
546,Kulkas,930,415,1,17,24
547,Microwave,886,202,2,13,29
548,Kulkas,703,359,2,17,10
549,TV LED,157,980,2,8,11
550,Speaker,445,1343,3,9,26
551,Setrika,840,1092,5,15,23
552,Speaker,573,1312,4,12,23
553,Kulkas,216,528,4,7,0
554,Speaker,929,779,3,9,41
555,TV LED,890,1490,2,7,58
556,Setrika,226,1151,3,16,3
557,Kompor Listrik,492,834,3,14,11
558,Kulkas,740,1187,1,7,54
559,Setrika,157,1418,5,7,20
560,Speaker,733,1120,4,17,24
561,Kompor Listrik,612,937,2,16,22
562,AC,850,369,4,11,23
563,Setrika,901,720,4,19,8
564,AC,195,239,5,11,-11
565,Microwave,737,1484,4,11,43
566,Kompor Listrik,217,1154,4,14,-3
567,Kompor Listrik,659,1449,3,12,40
568,Setrika,700,1183,5,9,33
569,Microwave,587,1347,1,9,42
570,Speaker,336,1174,2,18,8
571,Mesin Cuci,984,237,4,8,40
572,Kulkas,996,527,2,11,40
573,Microwave,371,1474,1,14,30
574,Kompor Listrik,288,1399,2,8,31
575,Mesin Cuci,803,1113,1,19,26
576,Kompor Listrik,546,653,3,6,21
577,Setrika,680,236,4,8,20
578,Speaker,889,1172,1,17,38
579,TV LED,960,995,2,17,37
580,Kompor Listrik,346,1172,4,12,21
581,Speaker,175,792,3,13,-2
582,AC,253,1337,4,7,16
583,Kompor Listrik,755,1263,1,11,40
584,Mesin Cuci,534,423,3,18,13
585,Speaker,185,517,2,16,-9
586,Microwave,796,548,3,18,10
587,Speaker,384,314,3,13,-8
588,Microwave,319,897,5,15,-1
589,Microwave,168,1263,3,8,14
590,TV LED,146,239,3,14,-10
591,Mesin Cuci,193,1485,4,19,7
592,Kulkas,849,415,2,7,36
593,Mesin Cuci,552,1370,4,9,31
594,Setrika,303,535,4,5,12
595,Kompor Listrik,317,1391,1,7,22
596,Mesin Cuci,573,291,4,19,7
597,Kompor Listrik,531,552,5,12,12
598,Kompor Listrik,440,770,5,15,9
599,Kompor Listrik,650,1015,1,12,27
600,TV LED,711,980,2,19,29
601,Kulkas,388,562,2,17,-1
602,Microwave,353,756,4,8,8
603,Mesin Cuci,833,1393,4,6,52
604,Setrika,456,555,4,17,0
605,Mesin Cuci,122,390,2,12,-13
606,Microwave,861,621,3,12,26
607,Speaker,621,899,5,14,13
608,Kompor Listrik,857,206,3,8,24
609,Speaker,936,332,3,7,34
610,Setrika,199,756,2,6,5
611,Speaker,901,1025,3,13,36
612,Speaker,279,960,1,5,28
613,Kompor Listrik,322,1254,4,11,20
614,Microwave,861,734,1,9,36
615,Microwave,758,625,5,12,27
616,Microwave,541,871,4,8,14
617,Mesin Cuci,707,562,3,11,36
618,Kulkas,868,281,5,17,20
619,Mesin Cuci,424,555,4,9,8
620,Speaker,615,1481,3,19,27
621,Kulkas,115,788,1,18,-14
622,AC,891,494,4,9,33
623,Mesin Cuci,435,1447,3,18,16
624,Mesin Cuci,858,1269,1,13,42
625,Kompor Listrik,357,1336,5,13,12
626,Microwave,596,1456,5,17,20
627,Microwave,995,216,5,13,18
628,Kulkas,259,559,5,16,-14
629,Mesin Cuci,574,1446,2,10,31
630,Microwave,951,1065,4,10,50
631,Mesin Cuci,763,899,4,9,29
632,Speaker,789,647,2,13,22
633,AC,774,1055,3,14,37
634,Microwave,479,564,3,12,13
635,TV LED,644,874,5,11,27
636,AC,790,1207,1,11,49
637,Microwave,526,666,3,10,28
638,TV LED,712,613,1,9,31
639,TV LED,367,785,4,17,-6
640,Microwave,934,1456,1,8,63
641,AC,676,1447,4,7,40
642,Kompor Listrik,516,1193,2,7,30
643,Kulkas,267,771,2,10,10
644,TV LED,941,534,5,19,23
645,Microwave,142,1445,3,8,13
646,Kompor Listrik,655,236,5,16,9
647,Kompor Listrik,384,1188,4,16,6
648,Kompor Listrik,496,477,5,10,8
649,Speaker,111,1419,1,7,23
650,AC,706,1115,4,19,19
651,TV LED,401,683,2,8,8
652,Microwave,997,1465,3,19,49
653,Kompor Listrik,352,930,4,13,5
654,Kulkas,598,391,4,9,19
655,Kulkas,853,1240,1,17,33
656,Setrika,134,723,3,11,-6
657,Kompor Listrik,826,1117,2,14,42
658,Kulkas,948,600,4,6,44
659,TV LED,189,1085,4,18,-6
660,AC,875,904,1,18,34
661,AC,704,221,5,9,11
662,Microwave,701,673,2,13,25
663,Kulkas,517,1343,3,15,24
664,Mesin Cuci,214,409,4,7,-1
665,Kulkas,716,505,4,18,6
666,Setrika,295,1493,2,13,21
667,Mesin Cuci,925,903,5,18,27
668,Setrika,600,886,4,15,14
669,Kompor Listrik,725,484,2,19,8
670,Kompor Listrik,592,915,1,10,30
671,Microwave,174,962,5,8,3
672,Setrika,512,1450,3,11,26
673,Microwave,475,1147,4,12,20
674,TV LED,519,580,2,10,26
675,Kulkas,828,659,1,9,37
676,Mesin Cuci,376,1230,3,10,29
677,Mesin Cuci,860,228,2,9,40
678,Microwave,775,1106,2,12,34
679,Kulkas,493,1256,3,5,36
680,AC,968,1078,1,15,55
681,Mesin Cuci,556,278,1,11,14
682,AC,291,1146,5,19,0
683,Kulkas,838,658,4,14,17
684,AC,788,769,3,14,25
685,TV LED,198,937,3,15,2
686,Setrika,647,715,3,6,43
687,Kompor Listrik,195,1322,1,19,4
688,Kompor Listrik,763,596,4,18,6
689,Microwave,762,238,5,13,6
690,TV LED,289,1494,2,5,32
691,Mesin Cuci,835,1086,2,15,42
692,Microwave,136,996,3,14,2
693,Microwave,879,356,4,10,30
694,Kompor Listrik,468,1298,1,13,34
695,Kulkas,794,1083,4,5,42
696,Mesin Cuci,624,1353,4,8,38
697,Microwave,378,1173,1,8,25
698,Mesin Cuci,316,1307,3,19,6
699,Setrika,966,1245,4,13,40
700,Kulkas,972,1048,2,15,41
701,Mesin Cuci,897,947,1,9,48
702,AC,372,1188,5,9,17
703,Microwave,980,220,3,10,31
704,AC,161,502,1,5,10
705,Kulkas,695,1068,5,5,44
706,TV LED,979,283,5,19,22
707,AC,828,1480,4,13,47
708,Microwave,441,769,4,7,12
709,Microwave,496,1133,4,8,25
710,Kompor Listrik,798,1385,1,5,56
711,Kulkas,118,1386,1,13,8
712,Kompor Listrik,276,1208,3,19,5
713,Microwave,711,992,4,12,21
714,Setrika,495,991,5,6,34
715,Microwave,544,1494,2,12,41
716,Kompor Listrik,332,691,3,19,-1
717,Kompor Listrik,175,407,1,11,-1
718,Kulkas,364,1283,3,15,21
719,TV LED,554,629,3,10,22
720,Setrika,895,1184,3,5,60
721,Speaker,817,719,3,19,20
722,Microwave,834,790,2,11,45
723,TV LED,483,1250,4,14,25
724,Kulkas,663,398,5,11,17
725,Mesin Cuci,950,586,3,17,33
726,TV LED,605,548,3,18,6
727,Microwave,466,1159,3,13,15
728,TV LED,243,892,4,5,16
729,AC,984,577,1,6,49
730,Kompor Listrik,168,1098,1,15,4
731,Kompor Listrik,198,1115,2,13,14
732,Microwave,495,726,1,17,12
733,AC,124,1376,3,13,9
734,Setrika,990,933,3,17,35
735,Kompor Listrik,568,405,3,10,19
736,Kulkas,583,654,2,10,26
737,Kompor Listrik,664,1496,3,8,49
738,Speaker,250,1459,1,8,25
739,Setrika,243,720,4,9,11
740,Speaker,668,1216,4,7,48
741,Speaker,138,1155,5,5,16
742,Kulkas,208,925,1,19,-5
743,AC,792,1213,3,5,46
744,Speaker,141,700,4,16,-12
745,Setrika,285,316,1,19,-12
746,Kompor Listrik,497,585,4,17,2
747,Microwave,322,783,3,11,12
748,Setrika,733,594,4,5,34
749,TV LED,232,1287,5,5,20
750,Kompor Listrik,262,920,5,7,9
751,Kulkas,314,271,4,14,-8
752,Speaker,832,473,1,19,24
753,Microwave,334,537,1,8,3
754,Speaker,942,806,1,8,49
755,Kulkas,757,365,4,6,29
756,Setrika,850,210,1,5,41
757,TV LED,687,928,3,7,31
758,Kompor Listrik,108,1000,5,15,-12
759,Setrika,173,301,3,8,0
760,TV LED,591,978,1,7,27
761,Mesin Cuci,352,413,3,12,8
762,Speaker,329,1311,1,18,14
763,Kompor Listrik,618,600,4,14,21
764,Kompor Listrik,273,787,3,5,10
765,TV LED,752,1088,4,18,22
766,Mesin Cuci,267,1269,4,6,9
767,Microwave,269,791,2,17,-4
768,AC,492,1309,1,11,31
769,Microwave,894,291,5,8,18
770,Kompor Listrik,733,872,1,12,32
771,Kompor Listrik,293,913,5,15,-9
772,Kulkas,616,1135,1,17,24
773,TV LED,128,441,4,7,2
774,Mesin Cuci,264,201,3,10,-3
775,AC,521,424,3,13,17
776,Microwave,438,1000,2,5,34
777,TV LED,747,788,5,5,42
778,Setrika,595,315,5,12,4
779,Kulkas,464,1117,5,7,21
780,Mesin Cuci,932,1326,4,9,53
781,Kulkas,441,393,5,5,4
782,Kompor Listrik,599,1389,3,9,40
783,Kulkas,756,1070,4,15,27
784,AC,610,289,1,10,25
785,Kompor Listrik,426,321,5,12,3
786,Microwave,316,342,5,17,-7
787,Microwave,400,1193,1,18,11
788,Setrika,231,305,5,7,2
789,Kompor Listrik,903,1086,1,7,61
790,Kompor Listrik,169,627,4,16,-11
791,Mesin Cuci,351,516,3,15,-4
792,Kompor Listrik,514,834,1,15,14
793,AC,886,208,2,14,29
794,Setrika,544,973,1,13,38
795,Mesin Cuci,975,1296,5,8,47
796,AC,281,422,4,19,-19
797,Kulkas,266,752,4,8,12
798,Microwave,190,915,1,16,-1
799,Setrika,813,1487,3,11,52
800,Speaker,957,1307,2,6,63
801,Microwave,630,310,4,12,11
802,TV LED,138,450,5,10,-6
803,Microwave,225,582,5,7,4
804,Microwave,550,206,3,13,5
805,Kompor Listrik,272,658,4,9,-3
806,AC,752,1307,1,12,44
807,Kompor Listrik,853,407,5,11,32
808,Kompor Listrik,319,1099,3,18,-3
809,Speaker,737,221,4,12,10
810,Speaker,157,609,4,11,-2
811,Setrika,759,1094,4,7,41
812,Kompor Listrik,575,714,4,6,28
813,Speaker,555,1350,4,11,26
814,Mesin Cuci,928,1008,5,7,51
815,Mesin Cuci,994,1073,3,7,54
816,Setrika,460,213,4,6,13
817,Mesin Cuci,100,1170,2,8,14
818,Setrika,486,1177,2,12,26
819,TV LED,447,1213,3,16,19
820,Speaker,289,1235,1,5,30
821,Kompor Listrik,604,286,1,5,20
822,Setrika,290,1108,1,16,16
823,Setrika,607,1466,2,18,32
824,AC,468,321,1,9,3
825,Kompor Listrik,508,1370,5,15,17
826,TV LED,923,949,4,9,48
827,AC,216,884,2,15,-7
828,Speaker,233,508,3,16,-3
829,Kulkas,157,894,3,5,11
830,Kompor Listrik,655,487,4,10,26
831,Kulkas,784,506,2,5,37
832,Kompor Listrik,771,1113,1,9,41
833,TV LED,272,861,1,13,10
834,AC,928,748,5,16,27
835,Setrika,914,511,5,18,14
836,AC,248,1072,1,9,29
837,Kulkas,179,1282,3,10,8
838,Kompor Listrik,985,1123,3,12,36
839,Microwave,312,954,5,15,10
840,Speaker,302,234,4,5,1
841,Setrika,863,644,1,18,25
842,Kulkas,328,292,5,6,1
843,Speaker,775,1430,5,13,35
844,Setrika,326,552,1,7,11
845,Speaker,758,1102,1,10,37
846,Kompor Listrik,631,1061,3,9,33
847,TV LED,540,358,4,15,1
848,Kulkas,501,1156,4,6,34
849,Mesin Cuci,146,223,1,18,-14
850,Microwave,332,603,2,19,-8
851,Mesin Cuci,404,1004,5,11,14
852,Kulkas,625,715,5,8,21
853,Setrika,242,931,1,5,16
854,Kulkas,514,731,2,17,14
855,Kulkas,612,1155,3,8,35
856,Kompor Listrik,472,351,1,10,11
857,AC,665,1146,1,11,33
858,Microwave,985,807,5,19,21
859,TV LED,358,619,1,11,21
860,TV LED,755,1473,1,18,39
861,Speaker,570,1340,1,11,31
862,TV LED,111,1065,5,7,7
863,Microwave,429,777,3,10,21
864,Speaker,835,534,3,17,21
865,Speaker,883,1131,1,12,53
866,Setrika,457,494,5,8,3
867,AC,507,954,3,17,2
868,Mesin Cuci,767,385,3,12,23
869,Setrika,472,1469,3,6,39
870,AC,107,836,5,19,-33
871,AC,221,1491,5,14,6
872,AC,447,1460,1,13,25
873,Kulkas,775,729,4,13,18
874,Setrika,189,220,3,12,-15
875,Mesin Cuci,747,1110,4,14,33
876,Kompor Listrik,797,1066,5,18,19
877,AC,415,993,5,17,0
878,Mesin Cuci,277,299,5,14,-19
879,Kompor Listrik,639,951,4,5,41
880,Microwave,831,677,5,6,38
881,Kompor Listrik,968,1139,1,10,41
882,Microwave,140,725,5,14,-14
883,TV LED,839,533,2,9,37
884,Kompor Listrik,803,201,4,16,18
885,Microwave,601,574,2,18,14
886,AC,244,492,5,13,-9
887,Kulkas,300,1036,1,9,10
888,Kompor Listrik,823,1204,3,6,54
889,Speaker,560,752,5,14,10
890,Microwave,831,517,1,8,38
891,Setrika,851,580,4,13,25
892,Microwave,657,213,2,5,18
893,Kompor Listrik,646,703,2,15,21
894,Microwave,352,430,2,5,15
895,Mesin Cuci,489,1307,4,16,16
896,Setrika,693,329,1,11,25
897,Kompor Listrik,982,1037,4,15,32
898,Kulkas,355,1368,2,7,29
899,Mesin Cuci,808,1090,5,14,31
900,Setrika,914,227,3,6,26
901,Speaker,549,265,4,13,4
902,Microwave,109,1386,4,7,18
903,Microwave,923,1452,1,6,62
904,TV LED,897,460,1,16,27
905,Setrika,341,659,4,12,7
906,Microwave,350,500,2,14,0
907,TV LED,976,1118,3,10,48
908,TV LED,104,486,1,10,-7
909,Kompor Listrik,218,1233,2,14,10
910,Microwave,900,829,5,15,27
911,Mesin Cuci,473,469,1,11,17
912,Speaker,164,791,2,11,6
913,Mesin Cuci,245,1043,2,15,10
914,Mesin Cuci,323,1061,3,17,3
915,Microwave,338,1480,3,19,1
916,AC,276,332,5,10,0
917,Kulkas,878,1499,2,8,60
918,TV LED,952,1171,2,15,41
919,Microwave,381,712,3,13,10
920,Kompor Listrik,162,512,1,10,-5
921,TV LED,316,775,1,8,22
922,Speaker,953,1085,4,16,35
923,AC,926,1344,3,7,52
924,Kulkas,894,1330,4,8,48
925,Microwave,788,886,3,7,39
926,Speaker,560,1427,5,19,17
927,Setrika,709,364,2,6,29
928,AC,204,504,5,18,-18
929,Mesin Cuci,198,355,3,9,-1
930,AC,610,819,2,6,33
931,Speaker,484,1474,1,10,33
932,Microwave,504,1156,1,7,31
933,AC,922,533,4,10,36
934,Microwave,617,1168,3,19,22
935,Kompor Listrik,575,710,3,15,14
936,Microwave,808,1243,1,14,46
937,Speaker,962,481,5,13,18
938,Kulkas,744,996,2,5,42
939,Kompor Listrik,969,1224,5,10,42
940,Kulkas,870,318,5,13,31
941,AC,536,1258,1,15,31
942,Mesin Cuci,122,397,1,8,0
943,Setrika,664,684,1,15,26
944,Speaker,776,1282,4,16,38
945,Kulkas,813,1036,5,6,47
946,Setrika,557,1384,3,17,28
947,TV LED,182,1208,2,8,15
948,Microwave,244,890,4,5,11
949,Kulkas,184,1429,3,7,16
950,Kompor Listrik,177,1235,5,14,5
951,Speaker,556,689,1,13,19
952,Microwave,977,475,5,14,25
953,Setrika,100,892,2,9,2
954,Speaker,150,441,4,19,-12
955,Kulkas,784,1439,4,15,42
956,Mesin Cuci,816,1474,2,10,60
957,Kompor Listrik,871,325,3,7,36
958,TV LED,545,416,3,9,16
959,Speaker,548,1408,4,15,24
960,Mesin Cuci,980,1262,4,12,43
961,Kulkas,587,1446,1,10,34
962,Kompor Listrik,899,1407,3,8,57
963,Microwave,133,694,2,6,2
964,Setrika,447,626,3,18,2
965,Kulkas,194,1401,1,13,21
966,AC,171,1118,4,17,-5
967,TV LED,650,350,4,16,17
968,TV LED,253,583,1,5,9
969,Microwave,349,507,2,5,21
970,Kompor Listrik,773,945,4,17,26
971,Kulkas,537,1091,5,8,32
972,Kulkas,217,574,4,11,-7
973,Mesin Cuci,870,1231,5,5,62
974,AC,990,328,1,13,33
975,Setrika,405,1214,1,8,33
976,Kompor Listrik,367,868,4,7,24
977,Speaker,153,716,3,5,5
978,Setrika,335,285,5,14,-4
979,AC,488,1398,2,8,32
980,Setrika,833,1416,4,13,49
981,Kulkas,862,510,2,17,19
982,Kompor Listrik,924,1342,4,18,38
983,Setrika,500,1441,3,14,28
984,Microwave,723,626,3,10,31
985,TV LED,866,313,3,10,38
986,Speaker,402,1368,3,5,31
987,Mesin Cuci,306,502,1,14,8
988,Kompor Listrik,328,943,1,6,34
989,Kompor Listrik,952,787,5,15,31
990,Mesin Cuci,677,1186,2,10,35
991,Speaker,174,544,4,6,-6
992,Kulkas,534,1013,4,7,37
993,Speaker,202,1000,1,8,14
994,Speaker,521,1224,4,15,15
995,TV LED,803,1370,1,9,45
996,Setrika,863,1276,5,19,25
997,Microwave,837,1292,2,13,48
998,Mesin Cuci,905,560,5,16,27
999,Kulkas,405,1443,3,19,17
1000,Kompor Listrik,197,1209,3,19,0
1001,Kulkas,949,903,3,8,41
1002,Mesin Cuci,897,774,5,17,21
1003,TV LED,434,1384,4,15,13
1004,TV LED,958,1312,2,13,53
1005,Speaker,534,887,3,15,10
1006,Mesin Cuci,546,980,3,14,16
1007,AC,407,784,3,7,18
1008,Mesin Cuci,348,788,2,12,2
1009,Kulkas,265,1382,3,16,11
1010,Mesin Cuci,580,688,2,5,30
1011,Mesin Cuci,434,1170,3,15,22
1012,Mesin Cuci,641,1325,5,13,24
1013,Speaker,858,693,5,13,20
1014,AC,205,218,2,14,-12
1015,TV LED,662,596,5,6,20
1016,Microwave,180,1200,2,8,17
1017,AC,232,1050,5,17,-12
1018,AC,896,1021,5,12,34
1019,Microwave,999,654,2,11,37
1020,AC,237,924,4,5,17
1021,Kulkas,283,1288,5,9,12
1022,TV LED,500,1299,3,11,19
1023,AC,429,910,4,19,2
1024,TV LED,884,342,2,8,36
1025,Speaker,607,1116,4,19,14
1026,Mesin Cuci,951,1027,1,19,34
1027,Speaker,168,804,1,5,11
1028,TV LED,645,504,5,13,13
1029,AC,873,935,5,18,20
1030,Microwave,152,490,3,9,-3
1031,TV LED,549,301,4,15,6
1032,AC,304,1490,1,6,27
1033,Setrika,225,1066,5,12,4
1034,Kulkas,846,1167,4,15,26
1035,Kulkas,142,1173,5,17,-3
1036,Kompor Listrik,851,1041,5,6,39
1037,Kompor Listrik,982,1161,1,7,64
1038,Speaker,210,1141,1,18,-3
1039,Kulkas,860,1226,5,14,38
1040,Kompor Listrik,762,284,2,5,38
1041,Mesin Cuci,282,527,5,15,-13
1042,TV LED,947,1015,5,6,44
1043,Microwave,194,653,3,18,-14
1044,Kompor Listrik,473,828,3,11,15
1045,TV LED,619,1444,3,14,35
1046,TV LED,999,1377,2,6,61
1047,Kompor Listrik,459,864,2,10,15
1048,Setrika,999,211,5,19,5
1049,Setrika,795,1356,3,7,58
1050,Kulkas,380,503,2,8,21
1051,Kompor Listrik,294,1174,1,15,16
1052,Kompor Listrik,963,982,5,19,25
1053,Kulkas,294,242,4,17,-10
1054,Kulkas,766,1143,5,12,37
1055,Speaker,192,542,4,18,-15
1056,AC,771,697,3,7,36
1057,Kulkas,160,563,4,14,-3
1058,AC,733,1090,3,10,29
1059,Microwave,150,626,1,5,15
1060,Speaker,502,1204,4,11,23
1061,Setrika,888,220,5,12,15
1062,Microwave,104,606,3,15,-16
1063,Kompor Listrik,565,818,5,18,3
1064,Setrika,703,1214,2,12,31
1065,Kulkas,781,535,3,7,42
1066,Kulkas,928,1340,4,18,40
1067,Mesin Cuci,633,1347,3,14,36
1068,Setrika,504,598,5,5,22
1069,Kompor Listrik,937,992,1,13,45
1070,Mesin Cuci,612,914,3,17,17
1071,Setrika,744,250,4,10,17
1072,Speaker,332,523,2,15,-1
1073,Kompor Listrik,623,988,1,13,22
1074,Setrika,445,340,2,11,13
1075,Setrika,145,669,3,5,-1
1076,Kulkas,645,986,5,16,12
1077,Speaker,177,1163,5,16,8
1078,Setrika,829,1207,4,5,50
1079,Speaker,912,572,5,10,32
1080,Microwave,172,693,1,9,10
1081,Speaker,893,950,5,13,26
1082,AC,348,1379,4,6,21
1083,Kompor Listrik,146,490,3,12,-9
1084,Kulkas,220,1367,3,15,5
1085,Kulkas,313,305,5,9,-2
1086,Kulkas,338,869,2,6,23
1087,Kulkas,155,201,3,17,-12
1088,Setrika,449,788,5,14,11
1089,Kulkas,206,843,4,15,-8
1090,Speaker,930,289,5,15,17
1091,AC,147,549,3,16,-14
1092,TV LED,672,1486,4,10,35
1093,Speaker,436,1331,5,14,11
1094,Kulkas,125,1262,1,12,19
1095,Setrika,903,1108,4,8,47
1096,Speaker,356,358,1,6,12
1097,Setrika,107,1158,2,16,2
1098,TV LED,724,511,4,15,18
1099,Microwave,966,1464,1,9,67
1100,Microwave,352,644,3,19,-7
1101,Speaker,791,497,3,16,21
1102,Kulkas,818,1151,2,6,46
1103,Mesin Cuci,402,235,4,6,6
1104,AC,738,1307,4,19,26
1105,Kompor Listrik,155,1395,4,10,13
1106,Mesin Cuci,825,758,2,15,30
1107,Kulkas,625,1090,4,14,28
1108,Speaker,573,340,3,13,6
1109,Speaker,127,1086,1,17,1
1110,Kulkas,177,1341,3,8,13
1111,Microwave,315,925,3,10,27
1112,Mesin Cuci,485,1443,1,11,30
1113,Setrika,464,1249,3,17,13
1114,TV LED,765,720,2,15,30
1115,Microwave,625,209,1,10,16
1116,TV LED,798,1183,3,12,43
1117,AC,411,577,5,8,10
1118,Microwave,982,881,3,16,34
1119,Microwave,106,783,2,19,-15
1120,Speaker,102,351,4,5,-7
1121,Speaker,722,919,3,11,30
1122,TV LED,849,1272,4,7,48
1123,AC,462,1377,5,18,9
1124,AC,850,1058,3,10,42
1125,Setrika,607,249,1,6,18
1126,Kulkas,373,863,4,13,12
1127,AC,605,730,5,5,32
1128,TV LED,905,1283,1,10,50
1129,Kulkas,838,1390,1,10,48
1130,Mesin Cuci,982,1425,1,9,62
1131,Setrika,114,1056,1,17,5
1132,Setrika,291,345,3,9,9
1133,Kompor Listrik,730,1114,3,5,38
1134,Speaker,584,1192,3,14,31
1135,AC,127,441,5,16,-19
1136,Speaker,813,780,5,9,32
1137,Microwave,138,886,5,6,8
1138,Speaker,372,682,2,11,9
1139,Kulkas,330,1331,5,7,28
1140,TV LED,185,1449,3,17,13
1141,AC,573,872,3,19,18
1142,AC,225,830,2,8,2
1143,TV LED,911,860,2,7,47
1144,Kulkas,636,861,5,7,18
1145,Microwave,244,1004,4,8,8
1146,Kompor Listrik,624,618,2,9,14
1147,Setrika,311,1187,1,5,32
1148,Kompor Listrik,124,1383,3,8,16
1149,Kompor Listrik,679,849,1,16,22
1150,Setrika,493,1168,3,16,14
1151,Microwave,166,789,3,15,-2
1152,Mesin Cuci,332,1300,2,12,15
1153,Kulkas,208,708,2,14,-5
1154,Speaker,245,640,1,11,0
1155,Setrika,210,1477,3,13,13
1156,Kulkas,327,1120,1,9,20
1157,Microwave,210,969,4,17,-5
1158,Kompor Listrik,569,462,1,19,9
1159,Microwave,133,836,5,14,-2
1160,TV LED,722,1390,1,8,57
1161,Mesin Cuci,875,658,5,12,29
1162,Setrika,468,1198,5,13,19
1163,TV LED,847,899,5,17,25
1164,TV LED,694,501,4,11,11
1165,Mesin Cuci,653,1441,1,18,30
1166,Microwave,524,1325,1,11,32
1167,Mesin Cuci,712,753,4,9,26
1168,AC,617,487,3,8,22
1169,Microwave,791,1390,2,18,35
1170,Microwave,381,820,1,14,7
1171,Speaker,419,1205,2,5,32
1172,Kulkas,837,235,4,14,14
1173,TV LED,542,943,3,14,5
1174,Kompor Listrik,414,552,3,11,2
1175,Setrika,976,272,3,5,41
1176,AC,840,847,4,5,48
1177,AC,476,1293,5,9,14
1178,Setrika,388,624,5,17,-7
1179,Mesin Cuci,536,1198,2,13,29
1180,Speaker,761,907,5,10,35
1181,Kulkas,376,760,5,7,11
1182,Setrika,809,1027,3,17,26
1183,TV LED,681,1155,3,7,46
1184,Setrika,602,716,2,11,27
1185,TV LED,723,627,1,10,35
1186,Kompor Listrik,615,359,2,13,12
1187,Kulkas,449,348,2,10,15
1188,Speaker,942,975,4,9,35
1189,Setrika,545,1453,4,14,32
1190,Setrika,929,266,2,11,30
1191,Setrika,449,1213,2,5,35
1192,Microwave,706,580,2,16,14
1193,Kulkas,763,257,5,11,7
1194,Setrika,922,1482,4,7,57
1195,TV LED,236,541,2,18,-5
1196,Speaker,858,1353,3,13,47
1197,AC,998,926,3,19,36
1198,Kompor Listrik,342,1395,5,10,21
1199,Speaker,642,969,5,13,17
1200,Kulkas,139,813,1,17,0
